,weights
2017-05-30 23:59:00+00:00,"coin
btc    4.692825e-01
eth    2.605905e-01
ltc    1.144235e-01
etc    7.829502e-02
xrp    5.212854e-02
xmr    1.244054e-02
zec    1.003848e-02
neo    2.356024e-03
bcc    4.448664e-04
dsh    4.603043e-08
Name: volume, dtype: float64"
2017-05-31 23:59:00+00:00,"coin
btc    4.692825e-01
eth    2.605905e-01
ltc    1.144235e-01
etc    7.829502e-02
xrp    5.212854e-02
xmr    1.244054e-02
zec    1.003848e-02
neo    2.356024e-03
bcc    4.448664e-04
dsh    4.603043e-08
Name: volume, dtype: float64"
2017-06-01 23:59:00+00:00,"coin
btc    4.692825e-01
eth    2.605905e-01
ltc    1.144235e-01
etc    7.829502e-02
xrp    5.212854e-02
xmr    1.244054e-02
zec    1.003848e-02
neo    2.356024e-03
bcc    4.448664e-04
dsh    4.603043e-08
Name: volume, dtype: float64"
2017-06-02 23:59:00+00:00,"coin
btc    4.692825e-01
eth    2.605905e-01
ltc    1.144235e-01
etc    7.829502e-02
xrp    5.212854e-02
xmr    1.244054e-02
zec    1.003848e-02
neo    2.356024e-03
bcc    4.448664e-04
dsh    4.603043e-08
Name: volume, dtype: float64"
2017-06-03 23:59:00+00:00,"coin
btc    4.692825e-01
eth    2.605905e-01
ltc    1.144235e-01
etc    7.829502e-02
xrp    5.212854e-02
xmr    1.244054e-02
zec    1.003848e-02
neo    2.356024e-03
bcc    4.448664e-04
dsh    4.603043e-08
Name: volume, dtype: float64"
2017-06-04 23:59:00+00:00,"coin
btc    4.692825e-01
eth    2.605905e-01
ltc    1.144235e-01
etc    7.829502e-02
xrp    5.212854e-02
xmr    1.244054e-02
zec    1.003848e-02
neo    2.356024e-03
bcc    4.448664e-04
dsh    4.603043e-08
Name: volume, dtype: float64"
2017-06-05 23:59:00+00:00,"coin
btc    4.692825e-01
eth    2.605905e-01
ltc    1.144235e-01
etc    7.829502e-02
xrp    5.212854e-02
xmr    1.244054e-02
zec    1.003848e-02
neo    2.356024e-03
bcc    4.448664e-04
dsh    4.603043e-08
Name: volume, dtype: float64"
2017-06-06 23:59:00+00:00,"coin
btc    5.148738e-01
eth    2.525746e-01
ltc    1.053492e-01
xrp    7.433829e-02
etc    3.728484e-02
zec    8.296200e-03
xmr    5.012847e-03
neo    1.591544e-03
bcc    6.785735e-04
dsh    1.391361e-07
Name: volume, dtype: float64"
2017-06-07 23:59:00+00:00,"coin
btc    5.148738e-01
eth    2.525746e-01
ltc    1.053492e-01
xrp    7.433829e-02
etc    3.728484e-02
zec    8.296200e-03
xmr    5.012847e-03
neo    1.591544e-03
bcc    6.785735e-04
dsh    1.391361e-07
Name: volume, dtype: float64"
2017-06-08 23:59:00+00:00,"coin
btc    5.148738e-01
eth    2.525746e-01
ltc    1.053492e-01
xrp    7.433829e-02
etc    3.728484e-02
zec    8.296200e-03
xmr    5.012847e-03
neo    1.591544e-03
bcc    6.785735e-04
dsh    1.391361e-07
Name: volume, dtype: float64"
2017-06-09 23:59:00+00:00,"coin
btc    5.148738e-01
eth    2.525746e-01
ltc    1.053492e-01
xrp    7.433829e-02
etc    3.728484e-02
zec    8.296200e-03
xmr    5.012847e-03
neo    1.591544e-03
bcc    6.785735e-04
dsh    1.391361e-07
Name: volume, dtype: float64"
2017-06-10 23:59:00+00:00,"coin
btc    5.148738e-01
eth    2.525746e-01
ltc    1.053492e-01
xrp    7.433829e-02
etc    3.728484e-02
zec    8.296200e-03
xmr    5.012847e-03
neo    1.591544e-03
bcc    6.785735e-04
dsh    1.391361e-07
Name: volume, dtype: float64"
2017-06-11 23:59:00+00:00,"coin
btc    5.148738e-01
eth    2.525746e-01
ltc    1.053492e-01
xrp    7.433829e-02
etc    3.728484e-02
zec    8.296200e-03
xmr    5.012847e-03
neo    1.591544e-03
bcc    6.785735e-04
dsh    1.391361e-07
Name: volume, dtype: float64"
2017-06-12 23:59:00+00:00,"coin
btc    5.148738e-01
eth    2.525746e-01
ltc    1.053492e-01
xrp    7.433829e-02
etc    3.728484e-02
zec    8.296200e-03
xmr    5.012847e-03
neo    1.591544e-03
bcc    6.785735e-04
dsh    1.391361e-07
Name: volume, dtype: float64"
2017-06-13 23:59:00+00:00,"coin
btc    0.482424
eth    0.341078
ltc    0.070701
etc    0.049866
xrp    0.034483
zec    0.009604
xmr    0.005799
iot    0.003014
neo    0.002349
bcc    0.000682
Name: volume, dtype: float64"
2017-06-14 23:59:00+00:00,"coin
btc    0.482424
eth    0.341078
ltc    0.070701
etc    0.049866
xrp    0.034483
zec    0.009604
xmr    0.005799
iot    0.003014
neo    0.002349
bcc    0.000682
Name: volume, dtype: float64"
2017-06-15 23:59:00+00:00,"coin
btc    0.482424
eth    0.341078
ltc    0.070701
etc    0.049866
xrp    0.034483
zec    0.009604
xmr    0.005799
iot    0.003014
neo    0.002349
bcc    0.000682
Name: volume, dtype: float64"
2017-06-16 23:59:00+00:00,"coin
btc    0.482424
eth    0.341078
ltc    0.070701
etc    0.049866
xrp    0.034483
zec    0.009604
xmr    0.005799
iot    0.003014
neo    0.002349
bcc    0.000682
Name: volume, dtype: float64"
2017-06-17 23:59:00+00:00,"coin
btc    0.482424
eth    0.341078
ltc    0.070701
etc    0.049866
xrp    0.034483
zec    0.009604
xmr    0.005799
iot    0.003014
neo    0.002349
bcc    0.000682
Name: volume, dtype: float64"
2017-06-18 23:59:00+00:00,"coin
btc    0.482424
eth    0.341078
ltc    0.070701
etc    0.049866
xrp    0.034483
zec    0.009604
xmr    0.005799
iot    0.003014
neo    0.002349
bcc    0.000682
Name: volume, dtype: float64"
2017-06-19 23:59:00+00:00,"coin
btc    0.482424
eth    0.341078
ltc    0.070701
etc    0.049866
xrp    0.034483
zec    0.009604
xmr    0.005799
iot    0.003014
neo    0.002349
bcc    0.000682
Name: volume, dtype: float64"
2017-06-20 23:59:00+00:00,"coin
btc    0.360493
eth    0.277649
ltc    0.198193
xrp    0.070016
etc    0.058681
neo    0.017575
zec    0.012004
xmr    0.003031
iot    0.001974
bcc    0.000386
Name: volume, dtype: float64"
2017-06-21 23:59:00+00:00,"coin
btc    0.360493
eth    0.277649
ltc    0.198193
xrp    0.070016
etc    0.058681
neo    0.017575
zec    0.012004
xmr    0.003031
iot    0.001974
bcc    0.000386
Name: volume, dtype: float64"
2017-06-22 23:59:00+00:00,"coin
btc    0.360493
eth    0.277649
ltc    0.198193
xrp    0.070016
etc    0.058681
neo    0.017575
zec    0.012004
xmr    0.003031
iot    0.001974
bcc    0.000386
Name: volume, dtype: float64"
2017-06-23 23:59:00+00:00,"coin
btc    0.360493
eth    0.277649
ltc    0.198193
xrp    0.070016
etc    0.058681
neo    0.017575
zec    0.012004
xmr    0.003031
iot    0.001974
bcc    0.000386
Name: volume, dtype: float64"
2017-06-24 23:59:00+00:00,"coin
btc    0.360493
eth    0.277649
ltc    0.198193
xrp    0.070016
etc    0.058681
neo    0.017575
zec    0.012004
xmr    0.003031
iot    0.001974
bcc    0.000386
Name: volume, dtype: float64"
2017-06-25 23:59:00+00:00,"coin
btc    0.360493
eth    0.277649
ltc    0.198193
xrp    0.070016
etc    0.058681
neo    0.017575
zec    0.012004
xmr    0.003031
iot    0.001974
bcc    0.000386
Name: volume, dtype: float64"
2017-06-26 23:59:00+00:00,"coin
btc    0.360493
eth    0.277649
ltc    0.198193
xrp    0.070016
etc    0.058681
neo    0.017575
zec    0.012004
xmr    0.003031
iot    0.001974
bcc    0.000386
Name: volume, dtype: float64"
2017-06-27 23:59:00+00:00,"coin
btc    0.382417
eth    0.302851
ltc    0.133500
xrp    0.092934
etc    0.052851
neo    0.019907
zec    0.009605
xmr    0.003325
iot    0.001942
bcc    0.000667
Name: volume, dtype: float64"
2017-06-28 23:59:00+00:00,"coin
btc    0.382417
eth    0.302851
ltc    0.133500
xrp    0.092934
etc    0.052851
neo    0.019907
zec    0.009605
xmr    0.003325
iot    0.001942
bcc    0.000667
Name: volume, dtype: float64"
2017-06-29 23:59:00+00:00,"coin
btc    0.382417
eth    0.302851
ltc    0.133500
xrp    0.092934
etc    0.052851
neo    0.019907
zec    0.009605
xmr    0.003325
iot    0.001942
bcc    0.000667
Name: volume, dtype: float64"
2017-06-30 23:59:00+00:00,"coin
btc    0.382417
eth    0.302851
ltc    0.133500
xrp    0.092934
etc    0.052851
neo    0.019907
zec    0.009605
xmr    0.003325
iot    0.001942
bcc    0.000667
Name: volume, dtype: float64"
2017-07-01 23:59:00+00:00,"coin
btc    0.382417
eth    0.302851
ltc    0.133500
xrp    0.092934
etc    0.052851
neo    0.019907
zec    0.009605
xmr    0.003325
iot    0.001942
bcc    0.000667
Name: volume, dtype: float64"
2017-07-02 23:59:00+00:00,"coin
btc    0.382417
eth    0.302851
ltc    0.133500
xrp    0.092934
etc    0.052851
neo    0.019907
zec    0.009605
xmr    0.003325
iot    0.001942
bcc    0.000667
Name: volume, dtype: float64"
2017-07-03 23:59:00+00:00,"coin
btc    0.382417
eth    0.302851
ltc    0.133500
xrp    0.092934
etc    0.052851
neo    0.019907
zec    0.009605
xmr    0.003325
iot    0.001942
bcc    0.000667
Name: volume, dtype: float64"
2017-07-04 23:59:00+00:00,"coin
eth    0.394912
btc    0.306163
ltc    0.140253
eos    0.076859
etc    0.033919
xrp    0.022121
neo    0.013352
zec    0.007557
xmr    0.003606
iot    0.001258
Name: volume, dtype: float64"
2017-07-05 23:59:00+00:00,"coin
eth    0.394912
btc    0.306163
ltc    0.140253
eos    0.076859
etc    0.033919
xrp    0.022121
neo    0.013352
zec    0.007557
xmr    0.003606
iot    0.001258
Name: volume, dtype: float64"
2017-07-06 23:59:00+00:00,"coin
eth    0.394912
btc    0.306163
ltc    0.140253
eos    0.076859
etc    0.033919
xrp    0.022121
neo    0.013352
zec    0.007557
xmr    0.003606
iot    0.001258
Name: volume, dtype: float64"
2017-07-07 23:59:00+00:00,"coin
eth    0.394912
btc    0.306163
ltc    0.140253
eos    0.076859
etc    0.033919
xrp    0.022121
neo    0.013352
zec    0.007557
xmr    0.003606
iot    0.001258
Name: volume, dtype: float64"
2017-07-08 23:59:00+00:00,"coin
eth    0.394912
btc    0.306163
ltc    0.140253
eos    0.076859
etc    0.033919
xrp    0.022121
neo    0.013352
zec    0.007557
xmr    0.003606
iot    0.001258
Name: volume, dtype: float64"
2017-07-09 23:59:00+00:00,"coin
eth    0.394912
btc    0.306163
ltc    0.140253
eos    0.076859
etc    0.033919
xrp    0.022121
neo    0.013352
zec    0.007557
xmr    0.003606
iot    0.001258
Name: volume, dtype: float64"
2017-07-10 23:59:00+00:00,"coin
eth    0.394912
btc    0.306163
ltc    0.140253
eos    0.076859
etc    0.033919
xrp    0.022121
neo    0.013352
zec    0.007557
xmr    0.003606
iot    0.001258
Name: volume, dtype: float64"
2017-07-11 23:59:00+00:00,"coin
btc    0.342135
eth    0.307736
ltc    0.198022
eos    0.045417
xrp    0.043439
etc    0.037534
zec    0.010131
neo    0.006890
xmr    0.006542
iot    0.002154
Name: volume, dtype: float64"
2017-07-12 23:59:00+00:00,"coin
btc    0.342135
eth    0.307736
ltc    0.198022
eos    0.045417
xrp    0.043439
etc    0.037534
zec    0.010131
neo    0.006890
xmr    0.006542
iot    0.002154
Name: volume, dtype: float64"
2017-07-13 23:59:00+00:00,"coin
btc    0.342135
eth    0.307736
ltc    0.198022
eos    0.045417
xrp    0.043439
etc    0.037534
zec    0.010131
neo    0.006890
xmr    0.006542
iot    0.002154
Name: volume, dtype: float64"
2017-07-14 23:59:00+00:00,"coin
btc    0.342135
eth    0.307736
ltc    0.198022
eos    0.045417
xrp    0.043439
etc    0.037534
zec    0.010131
neo    0.006890
xmr    0.006542
iot    0.002154
Name: volume, dtype: float64"
2017-07-15 23:59:00+00:00,"coin
btc    0.342135
eth    0.307736
ltc    0.198022
eos    0.045417
xrp    0.043439
etc    0.037534
zec    0.010131
neo    0.006890
xmr    0.006542
iot    0.002154
Name: volume, dtype: float64"
2017-07-16 23:59:00+00:00,"coin
btc    0.342135
eth    0.307736
ltc    0.198022
eos    0.045417
xrp    0.043439
etc    0.037534
zec    0.010131
neo    0.006890
xmr    0.006542
iot    0.002154
Name: volume, dtype: float64"
2017-07-17 23:59:00+00:00,"coin
btc    0.342135
eth    0.307736
ltc    0.198022
eos    0.045417
xrp    0.043439
etc    0.037534
zec    0.010131
neo    0.006890
xmr    0.006542
iot    0.002154
Name: volume, dtype: float64"
2017-07-18 23:59:00+00:00,"coin
eth    0.380655
btc    0.319723
etc    0.102223
ltc    0.102109
xrp    0.062826
eos    0.015603
zec    0.007090
neo    0.004397
xmr    0.003313
iot    0.002062
Name: volume, dtype: float64"
2017-07-19 23:59:00+00:00,"coin
eth    0.380655
btc    0.319723
etc    0.102223
ltc    0.102109
xrp    0.062826
eos    0.015603
zec    0.007090
neo    0.004397
xmr    0.003313
iot    0.002062
Name: volume, dtype: float64"
2017-07-20 23:59:00+00:00,"coin
eth    0.380655
btc    0.319723
etc    0.102223
ltc    0.102109
xrp    0.062826
eos    0.015603
zec    0.007090
neo    0.004397
xmr    0.003313
iot    0.002062
Name: volume, dtype: float64"
2017-07-21 23:59:00+00:00,"coin
eth    0.380655
btc    0.319723
etc    0.102223
ltc    0.102109
xrp    0.062826
eos    0.015603
zec    0.007090
neo    0.004397
xmr    0.003313
iot    0.002062
Name: volume, dtype: float64"
2017-07-22 23:59:00+00:00,"coin
eth    0.380655
btc    0.319723
etc    0.102223
ltc    0.102109
xrp    0.062826
eos    0.015603
zec    0.007090
neo    0.004397
xmr    0.003313
iot    0.002062
Name: volume, dtype: float64"
2017-07-23 23:59:00+00:00,"coin
eth    0.380655
btc    0.319723
etc    0.102223
ltc    0.102109
xrp    0.062826
eos    0.015603
zec    0.007090
neo    0.004397
xmr    0.003313
iot    0.002062
Name: volume, dtype: float64"
2017-07-24 23:59:00+00:00,"coin
eth    0.380655
btc    0.319723
etc    0.102223
ltc    0.102109
xrp    0.062826
eos    0.015603
zec    0.007090
neo    0.004397
xmr    0.003313
iot    0.002062
Name: volume, dtype: float64"
2017-07-25 23:59:00+00:00,"coin
btc    0.423957
eth    0.386869
ltc    0.075603
xrp    0.044276
etc    0.034108
eos    0.015211
zec    0.007872
neo    0.007116
xmr    0.003247
iot    0.001741
Name: volume, dtype: float64"
2017-07-26 23:59:00+00:00,"coin
btc    0.423957
eth    0.386869
ltc    0.075603
xrp    0.044276
etc    0.034108
eos    0.015211
zec    0.007872
neo    0.007116
xmr    0.003247
iot    0.001741
Name: volume, dtype: float64"
2017-07-27 23:59:00+00:00,"coin
btc    0.423957
eth    0.386869
ltc    0.075603
xrp    0.044276
etc    0.034108
eos    0.015211
zec    0.007872
neo    0.007116
xmr    0.003247
iot    0.001741
Name: volume, dtype: float64"
2017-07-28 23:59:00+00:00,"coin
btc    0.423957
eth    0.386869
ltc    0.075603
xrp    0.044276
etc    0.034108
eos    0.015211
zec    0.007872
neo    0.007116
xmr    0.003247
iot    0.001741
Name: volume, dtype: float64"
2017-07-29 23:59:00+00:00,"coin
btc    0.423957
eth    0.386869
ltc    0.075603
xrp    0.044276
etc    0.034108
eos    0.015211
zec    0.007872
neo    0.007116
xmr    0.003247
iot    0.001741
Name: volume, dtype: float64"
2017-07-30 23:59:00+00:00,"coin
btc    0.423957
eth    0.386869
ltc    0.075603
xrp    0.044276
etc    0.034108
eos    0.015211
zec    0.007872
neo    0.007116
xmr    0.003247
iot    0.001741
Name: volume, dtype: float64"
2017-07-31 23:59:00+00:00,"coin
btc    0.423957
eth    0.386869
ltc    0.075603
xrp    0.044276
etc    0.034108
eos    0.015211
zec    0.007872
neo    0.007116
xmr    0.003247
iot    0.001741
Name: volume, dtype: float64"
2017-08-01 23:59:00+00:00,"coin
btc    0.460855
eth    0.362345
ltc    0.065990
xrp    0.036273
etc    0.024032
eos    0.022337
zec    0.012309
xmr    0.007676
neo    0.006467
iot    0.001715
Name: volume, dtype: float64"
2017-08-02 23:59:00+00:00,"coin
btc    0.460855
eth    0.362345
ltc    0.065990
xrp    0.036273
etc    0.024032
eos    0.022337
zec    0.012309
xmr    0.007676
neo    0.006467
iot    0.001715
Name: volume, dtype: float64"
2017-08-03 23:59:00+00:00,"coin
btc    0.460855
eth    0.362345
ltc    0.065990
xrp    0.036273
etc    0.024032
eos    0.022337
zec    0.012309
xmr    0.007676
neo    0.006467
iot    0.001715
Name: volume, dtype: float64"
2017-08-04 23:59:00+00:00,"coin
btc    0.460855
eth    0.362345
ltc    0.065990
xrp    0.036273
etc    0.024032
eos    0.022337
zec    0.012309
xmr    0.007676
neo    0.006467
iot    0.001715
Name: volume, dtype: float64"
2017-08-05 23:59:00+00:00,"coin
btc    0.460855
eth    0.362345
ltc    0.065990
xrp    0.036273
etc    0.024032
eos    0.022337
zec    0.012309
xmr    0.007676
neo    0.006467
iot    0.001715
Name: volume, dtype: float64"
2017-08-06 23:59:00+00:00,"coin
btc    0.460855
eth    0.362345
ltc    0.065990
xrp    0.036273
etc    0.024032
eos    0.022337
zec    0.012309
xmr    0.007676
neo    0.006467
iot    0.001715
Name: volume, dtype: float64"
2017-08-07 23:59:00+00:00,"coin
btc    0.460855
eth    0.362345
ltc    0.065990
xrp    0.036273
etc    0.024032
eos    0.022337
zec    0.012309
xmr    0.007676
neo    0.006467
iot    0.001715
Name: volume, dtype: float64"
2017-08-08 23:59:00+00:00,"coin
btc    0.434087
eth    0.335572
bch    0.082286
ltc    0.047730
etc    0.025578
neo    0.025118
xrp    0.023052
eos    0.014751
zec    0.008051
iot    0.003776
Name: volume, dtype: float64"
2017-08-09 23:59:00+00:00,"coin
btc    0.434087
eth    0.335572
bch    0.082286
ltc    0.047730
etc    0.025578
neo    0.025118
xrp    0.023052
eos    0.014751
zec    0.008051
iot    0.003776
Name: volume, dtype: float64"
2017-08-10 23:59:00+00:00,"coin
btc    0.434087
eth    0.335572
bch    0.082286
ltc    0.047730
etc    0.025578
neo    0.025118
xrp    0.023052
eos    0.014751
zec    0.008051
iot    0.003776
Name: volume, dtype: float64"
2017-08-11 23:59:00+00:00,"coin
btc    0.434087
eth    0.335572
bch    0.082286
ltc    0.047730
etc    0.025578
neo    0.025118
xrp    0.023052
eos    0.014751
zec    0.008051
iot    0.003776
Name: volume, dtype: float64"
2017-08-12 23:59:00+00:00,"coin
btc    0.434087
eth    0.335572
bch    0.082286
ltc    0.047730
etc    0.025578
neo    0.025118
xrp    0.023052
eos    0.014751
zec    0.008051
iot    0.003776
Name: volume, dtype: float64"
2017-08-13 23:59:00+00:00,"coin
btc    0.434087
eth    0.335572
bch    0.082286
ltc    0.047730
etc    0.025578
neo    0.025118
xrp    0.023052
eos    0.014751
zec    0.008051
iot    0.003776
Name: volume, dtype: float64"
2017-08-14 23:59:00+00:00,"coin
btc    0.434087
eth    0.335572
bch    0.082286
ltc    0.047730
etc    0.025578
neo    0.025118
xrp    0.023052
eos    0.014751
zec    0.008051
iot    0.003776
Name: volume, dtype: float64"
2017-08-15 23:59:00+00:00,"coin
btc    0.509234
eth    0.292681
neo    0.064122
ltc    0.039915
bch    0.035777
xrp    0.023005
etc    0.012256
eos    0.009698
iot    0.008255
zec    0.005057
Name: volume, dtype: float64"
2017-08-16 23:59:00+00:00,"coin
btc    0.509234
eth    0.292681
neo    0.064122
ltc    0.039915
bch    0.035777
xrp    0.023005
etc    0.012256
eos    0.009698
iot    0.008255
zec    0.005057
Name: volume, dtype: float64"
2017-08-17 23:59:00+00:00,"coin
btc    0.509234
eth    0.292681
neo    0.064122
ltc    0.039915
bch    0.035777
xrp    0.023005
etc    0.012256
eos    0.009698
iot    0.008255
zec    0.005057
Name: volume, dtype: float64"
2017-08-18 23:59:00+00:00,"coin
btc    0.509234
eth    0.292681
neo    0.064122
ltc    0.039915
bch    0.035777
xrp    0.023005
etc    0.012256
eos    0.009698
iot    0.008255
zec    0.005057
Name: volume, dtype: float64"
2017-08-19 23:59:00+00:00,"coin
btc    0.509234
eth    0.292681
neo    0.064122
ltc    0.039915
bch    0.035777
xrp    0.023005
etc    0.012256
eos    0.009698
iot    0.008255
zec    0.005057
Name: volume, dtype: float64"
2017-08-20 23:59:00+00:00,"coin
btc    0.509234
eth    0.292681
neo    0.064122
ltc    0.039915
bch    0.035777
xrp    0.023005
etc    0.012256
eos    0.009698
iot    0.008255
zec    0.005057
Name: volume, dtype: float64"
2017-08-21 23:59:00+00:00,"coin
btc    0.509234
eth    0.292681
neo    0.064122
ltc    0.039915
bch    0.035777
xrp    0.023005
etc    0.012256
eos    0.009698
iot    0.008255
zec    0.005057
Name: volume, dtype: float64"
2017-08-22 23:59:00+00:00,"coin
btc    0.441407
bch    0.258824
eth    0.186606
xrp    0.027607
ltc    0.027376
neo    0.024722
etc    0.011411
xmr    0.010990
iot    0.006994
zec    0.004063
Name: volume, dtype: float64"
2017-08-23 23:59:00+00:00,"coin
btc    0.441407
bch    0.258824
eth    0.186606
xrp    0.027607
ltc    0.027376
neo    0.024722
etc    0.011411
xmr    0.010990
iot    0.006994
zec    0.004063
Name: volume, dtype: float64"
2017-08-24 23:59:00+00:00,"coin
btc    0.441407
bch    0.258824
eth    0.186606
xrp    0.027607
ltc    0.027376
neo    0.024722
etc    0.011411
xmr    0.010990
iot    0.006994
zec    0.004063
Name: volume, dtype: float64"
2017-08-25 23:59:00+00:00,"coin
btc    0.441407
bch    0.258824
eth    0.186606
xrp    0.027607
ltc    0.027376
neo    0.024722
etc    0.011411
xmr    0.010990
iot    0.006994
zec    0.004063
Name: volume, dtype: float64"
2017-08-26 23:59:00+00:00,"coin
btc    0.441407
bch    0.258824
eth    0.186606
xrp    0.027607
ltc    0.027376
neo    0.024722
etc    0.011411
xmr    0.010990
iot    0.006994
zec    0.004063
Name: volume, dtype: float64"
2017-08-27 23:59:00+00:00,"coin
btc    0.441407
bch    0.258824
eth    0.186606
xrp    0.027607
ltc    0.027376
neo    0.024722
etc    0.011411
xmr    0.010990
iot    0.006994
zec    0.004063
Name: volume, dtype: float64"
2017-08-28 23:59:00+00:00,"coin
btc    0.441407
bch    0.258824
eth    0.186606
xrp    0.027607
ltc    0.027376
neo    0.024722
etc    0.011411
xmr    0.010990
iot    0.006994
zec    0.004063
Name: volume, dtype: float64"
2017-08-29 23:59:00+00:00,"coin
btc    0.408330
xrp    0.188399
eth    0.165710
ltc    0.081000
bch    0.075662
xmr    0.031132
etc    0.025353
neo    0.013140
zec    0.006880
eos    0.004394
Name: volume, dtype: float64"
2017-08-30 23:59:00+00:00,"coin
btc    0.408330
xrp    0.188399
eth    0.165710
ltc    0.081000
bch    0.075662
xmr    0.031132
etc    0.025353
neo    0.013140
zec    0.006880
eos    0.004394
Name: volume, dtype: float64"
2017-08-31 23:59:00+00:00,"coin
btc    0.408330
xrp    0.188399
eth    0.165710
ltc    0.081000
bch    0.075662
xmr    0.031132
etc    0.025353
neo    0.013140
zec    0.006880
eos    0.004394
Name: volume, dtype: float64"
2017-09-01 23:59:00+00:00,"coin
btc    0.408330
xrp    0.188399
eth    0.165710
ltc    0.081000
bch    0.075662
xmr    0.031132
etc    0.025353
neo    0.013140
zec    0.006880
eos    0.004394
Name: volume, dtype: float64"
2017-09-02 23:59:00+00:00,"coin
btc    0.408330
xrp    0.188399
eth    0.165710
ltc    0.081000
bch    0.075662
xmr    0.031132
etc    0.025353
neo    0.013140
zec    0.006880
eos    0.004394
Name: volume, dtype: float64"
2017-09-03 23:59:00+00:00,"coin
btc    0.408330
xrp    0.188399
eth    0.165710
ltc    0.081000
bch    0.075662
xmr    0.031132
etc    0.025353
neo    0.013140
zec    0.006880
eos    0.004394
Name: volume, dtype: float64"
2017-09-04 23:59:00+00:00,"coin
btc    0.408330
xrp    0.188399
eth    0.165710
ltc    0.081000
bch    0.075662
xmr    0.031132
etc    0.025353
neo    0.013140
zec    0.006880
eos    0.004394
Name: volume, dtype: float64"
2017-09-05 23:59:00+00:00,"coin
btc    0.417058
eth    0.217683
ltc    0.145809
bch    0.063086
etc    0.057332
xrp    0.047594
xmr    0.020411
neo    0.017931
iot    0.006607
zec    0.006488
Name: volume, dtype: float64"
2017-09-06 23:59:00+00:00,"coin
btc    0.417058
eth    0.217683
ltc    0.145809
bch    0.063086
etc    0.057332
xrp    0.047594
xmr    0.020411
neo    0.017931
iot    0.006607
zec    0.006488
Name: volume, dtype: float64"
2017-09-07 23:59:00+00:00,"coin
btc    0.417058
eth    0.217683
ltc    0.145809
bch    0.063086
etc    0.057332
xrp    0.047594
xmr    0.020411
neo    0.017931
iot    0.006607
zec    0.006488
Name: volume, dtype: float64"
2017-09-08 23:59:00+00:00,"coin
btc    0.417058
eth    0.217683
ltc    0.145809
bch    0.063086
etc    0.057332
xrp    0.047594
xmr    0.020411
neo    0.017931
iot    0.006607
zec    0.006488
Name: volume, dtype: float64"
2017-09-09 23:59:00+00:00,"coin
btc    0.417058
eth    0.217683
ltc    0.145809
bch    0.063086
etc    0.057332
xrp    0.047594
xmr    0.020411
neo    0.017931
iot    0.006607
zec    0.006488
Name: volume, dtype: float64"
2017-09-10 23:59:00+00:00,"coin
btc    0.417058
eth    0.217683
ltc    0.145809
bch    0.063086
etc    0.057332
xrp    0.047594
xmr    0.020411
neo    0.017931
iot    0.006607
zec    0.006488
Name: volume, dtype: float64"
2017-09-11 23:59:00+00:00,"coin
btc    0.417058
eth    0.217683
ltc    0.145809
bch    0.063086
etc    0.057332
xrp    0.047594
xmr    0.020411
neo    0.017931
iot    0.006607
zec    0.006488
Name: volume, dtype: float64"
2017-09-12 23:59:00+00:00,"coin
btc    0.429529
eth    0.180864
ltc    0.148717
bch    0.118996
etc    0.043819
xrp    0.028598
neo    0.019716
xmr    0.016435
iot    0.007355
zec    0.005972
Name: volume, dtype: float64"
2017-09-13 23:59:00+00:00,"coin
btc    0.429529
eth    0.180864
ltc    0.148717
bch    0.118996
etc    0.043819
xrp    0.028598
neo    0.019716
xmr    0.016435
iot    0.007355
zec    0.005972
Name: volume, dtype: float64"
2017-09-14 23:59:00+00:00,"coin
btc    0.429529
eth    0.180864
ltc    0.148717
bch    0.118996
etc    0.043819
xrp    0.028598
neo    0.019716
xmr    0.016435
iot    0.007355
zec    0.005972
Name: volume, dtype: float64"
2017-09-15 23:59:00+00:00,"coin
btc    0.429529
eth    0.180864
ltc    0.148717
bch    0.118996
etc    0.043819
xrp    0.028598
neo    0.019716
xmr    0.016435
iot    0.007355
zec    0.005972
Name: volume, dtype: float64"
2017-09-16 23:59:00+00:00,"coin
btc    0.429529
eth    0.180864
ltc    0.148717
bch    0.118996
etc    0.043819
xrp    0.028598
neo    0.019716
xmr    0.016435
iot    0.007355
zec    0.005972
Name: volume, dtype: float64"
2017-09-17 23:59:00+00:00,"coin
btc    0.429529
eth    0.180864
ltc    0.148717
bch    0.118996
etc    0.043819
xrp    0.028598
neo    0.019716
xmr    0.016435
iot    0.007355
zec    0.005972
Name: volume, dtype: float64"
2017-09-18 23:59:00+00:00,"coin
btc    0.429529
eth    0.180864
ltc    0.148717
bch    0.118996
etc    0.043819
xrp    0.028598
neo    0.019716
xmr    0.016435
iot    0.007355
zec    0.005972
Name: volume, dtype: float64"
2017-09-19 23:59:00+00:00,"coin
btc    0.471196
eth    0.210891
ltc    0.136098
bch    0.083816
etc    0.034967
xrp    0.025633
xmr    0.018936
neo    0.007469
zec    0.006063
iot    0.004932
Name: volume, dtype: float64"
2017-09-20 23:59:00+00:00,"coin
btc    0.471196
eth    0.210891
ltc    0.136098
bch    0.083816
etc    0.034967
xrp    0.025633
xmr    0.018936
neo    0.007469
zec    0.006063
iot    0.004932
Name: volume, dtype: float64"
2017-09-21 23:59:00+00:00,"coin
btc    0.471196
eth    0.210891
ltc    0.136098
bch    0.083816
etc    0.034967
xrp    0.025633
xmr    0.018936
neo    0.007469
zec    0.006063
iot    0.004932
Name: volume, dtype: float64"
2017-09-22 23:59:00+00:00,"coin
btc    0.471196
eth    0.210891
ltc    0.136098
bch    0.083816
etc    0.034967
xrp    0.025633
xmr    0.018936
neo    0.007469
zec    0.006063
iot    0.004932
Name: volume, dtype: float64"
2017-09-23 23:59:00+00:00,"coin
btc    0.471196
eth    0.210891
ltc    0.136098
bch    0.083816
etc    0.034967
xrp    0.025633
xmr    0.018936
neo    0.007469
zec    0.006063
iot    0.004932
Name: volume, dtype: float64"
2017-09-24 23:59:00+00:00,"coin
btc    0.471196
eth    0.210891
ltc    0.136098
bch    0.083816
etc    0.034967
xrp    0.025633
xmr    0.018936
neo    0.007469
zec    0.006063
iot    0.004932
Name: volume, dtype: float64"
2017-09-25 23:59:00+00:00,"coin
btc    0.471196
eth    0.210891
ltc    0.136098
bch    0.083816
etc    0.034967
xrp    0.025633
xmr    0.018936
neo    0.007469
zec    0.006063
iot    0.004932
Name: volume, dtype: float64"
2017-09-26 23:59:00+00:00,"coin
btc    0.493371
eth    0.206404
bch    0.145863
ltc    0.077899
etc    0.017565
xrp    0.015386
neo    0.014408
xmr    0.013574
zec    0.010634
iot    0.004896
Name: volume, dtype: float64"
2017-09-27 23:59:00+00:00,"coin
btc    0.493371
eth    0.206404
bch    0.145863
ltc    0.077899
etc    0.017565
xrp    0.015386
neo    0.014408
xmr    0.013574
zec    0.010634
iot    0.004896
Name: volume, dtype: float64"
2017-09-28 23:59:00+00:00,"coin
btc    0.493371
eth    0.206404
bch    0.145863
ltc    0.077899
etc    0.017565
xrp    0.015386
neo    0.014408
xmr    0.013574
zec    0.010634
iot    0.004896
Name: volume, dtype: float64"
2017-09-29 23:59:00+00:00,"coin
btc    0.493371
eth    0.206404
bch    0.145863
ltc    0.077899
etc    0.017565
xrp    0.015386
neo    0.014408
xmr    0.013574
zec    0.010634
iot    0.004896
Name: volume, dtype: float64"
2017-09-30 23:59:00+00:00,"coin
btc    0.493371
eth    0.206404
bch    0.145863
ltc    0.077899
etc    0.017565
xrp    0.015386
neo    0.014408
xmr    0.013574
zec    0.010634
iot    0.004896
Name: volume, dtype: float64"
2017-10-01 23:59:00+00:00,"coin
btc    0.493371
eth    0.206404
bch    0.145863
ltc    0.077899
etc    0.017565
xrp    0.015386
neo    0.014408
xmr    0.013574
zec    0.010634
iot    0.004896
Name: volume, dtype: float64"
2017-10-02 23:59:00+00:00,"coin
btc    0.493371
eth    0.206404
bch    0.145863
ltc    0.077899
etc    0.017565
xrp    0.015386
neo    0.014408
xmr    0.013574
zec    0.010634
iot    0.004896
Name: volume, dtype: float64"
2017-10-03 23:59:00+00:00,"coin
btc    0.542283
eth    0.159204
bch    0.072256
ltc    0.060716
xrp    0.038522
neo    0.036690
zec    0.036243
etc    0.034210
xmr    0.013710
iot    0.006166
Name: volume, dtype: float64"
2017-10-04 23:59:00+00:00,"coin
btc    0.542283
eth    0.159204
bch    0.072256
ltc    0.060716
xrp    0.038522
neo    0.036690
zec    0.036243
etc    0.034210
xmr    0.013710
iot    0.006166
Name: volume, dtype: float64"
2017-10-05 23:59:00+00:00,"coin
btc    0.542283
eth    0.159204
bch    0.072256
ltc    0.060716
xrp    0.038522
neo    0.036690
zec    0.036243
etc    0.034210
xmr    0.013710
iot    0.006166
Name: volume, dtype: float64"
2017-10-06 23:59:00+00:00,"coin
btc    0.542283
eth    0.159204
bch    0.072256
ltc    0.060716
xrp    0.038522
neo    0.036690
zec    0.036243
etc    0.034210
xmr    0.013710
iot    0.006166
Name: volume, dtype: float64"
2017-10-07 23:59:00+00:00,"coin
btc    0.542283
eth    0.159204
bch    0.072256
ltc    0.060716
xrp    0.038522
neo    0.036690
zec    0.036243
etc    0.034210
xmr    0.013710
iot    0.006166
Name: volume, dtype: float64"
2017-10-08 23:59:00+00:00,"coin
btc    0.542283
eth    0.159204
bch    0.072256
ltc    0.060716
xrp    0.038522
neo    0.036690
zec    0.036243
etc    0.034210
xmr    0.013710
iot    0.006166
Name: volume, dtype: float64"
2017-10-09 23:59:00+00:00,"coin
btc    0.542283
eth    0.159204
bch    0.072256
ltc    0.060716
xrp    0.038522
neo    0.036690
zec    0.036243
etc    0.034210
xmr    0.013710
iot    0.006166
Name: volume, dtype: float64"
2017-10-10 23:59:00+00:00,"coin
btc    0.538980
eth    0.139858
xrp    0.120364
bch    0.094318
ltc    0.034648
neo    0.028952
zec    0.014175
xmr    0.012803
etc    0.011550
iot    0.004352
Name: volume, dtype: float64"
2017-10-11 23:59:00+00:00,"coin
btc    0.538980
eth    0.139858
xrp    0.120364
bch    0.094318
ltc    0.034648
neo    0.028952
zec    0.014175
xmr    0.012803
etc    0.011550
iot    0.004352
Name: volume, dtype: float64"
2017-10-12 23:59:00+00:00,"coin
btc    0.538980
eth    0.139858
xrp    0.120364
bch    0.094318
ltc    0.034648
neo    0.028952
zec    0.014175
xmr    0.012803
etc    0.011550
iot    0.004352
Name: volume, dtype: float64"
2017-10-13 23:59:00+00:00,"coin
btc    0.538980
eth    0.139858
xrp    0.120364
bch    0.094318
ltc    0.034648
neo    0.028952
zec    0.014175
xmr    0.012803
etc    0.011550
iot    0.004352
Name: volume, dtype: float64"
2017-10-14 23:59:00+00:00,"coin
btc    0.538980
eth    0.139858
xrp    0.120364
bch    0.094318
ltc    0.034648
neo    0.028952
zec    0.014175
xmr    0.012803
etc    0.011550
iot    0.004352
Name: volume, dtype: float64"
2017-10-15 23:59:00+00:00,"coin
btc    0.538980
eth    0.139858
xrp    0.120364
bch    0.094318
ltc    0.034648
neo    0.028952
zec    0.014175
xmr    0.012803
etc    0.011550
iot    0.004352
Name: volume, dtype: float64"
2017-10-16 23:59:00+00:00,"coin
btc    0.538980
eth    0.139858
xrp    0.120364
bch    0.094318
ltc    0.034648
neo    0.028952
zec    0.014175
xmr    0.012803
etc    0.011550
iot    0.004352
Name: volume, dtype: float64"
2017-10-17 23:59:00+00:00,"coin
btc    0.555685
eth    0.162698
xrp    0.096136
bch    0.072492
ltc    0.066808
etc    0.012754
neo    0.011630
zec    0.009188
xmr    0.009073
bcc    0.003536
Name: volume, dtype: float64"
2017-10-18 23:59:00+00:00,"coin
btc    0.555685
eth    0.162698
xrp    0.096136
bch    0.072492
ltc    0.066808
etc    0.012754
neo    0.011630
zec    0.009188
xmr    0.009073
bcc    0.003536
Name: volume, dtype: float64"
2017-10-19 23:59:00+00:00,"coin
btc    0.555685
eth    0.162698
xrp    0.096136
bch    0.072492
ltc    0.066808
etc    0.012754
neo    0.011630
zec    0.009188
xmr    0.009073
bcc    0.003536
Name: volume, dtype: float64"
2017-10-20 23:59:00+00:00,"coin
btc    0.555685
eth    0.162698
xrp    0.096136
bch    0.072492
ltc    0.066808
etc    0.012754
neo    0.011630
zec    0.009188
xmr    0.009073
bcc    0.003536
Name: volume, dtype: float64"
2017-10-21 23:59:00+00:00,"coin
btc    0.555685
eth    0.162698
xrp    0.096136
bch    0.072492
ltc    0.066808
etc    0.012754
neo    0.011630
zec    0.009188
xmr    0.009073
bcc    0.003536
Name: volume, dtype: float64"
2017-10-22 23:59:00+00:00,"coin
btc    0.555685
eth    0.162698
xrp    0.096136
bch    0.072492
ltc    0.066808
etc    0.012754
neo    0.011630
zec    0.009188
xmr    0.009073
bcc    0.003536
Name: volume, dtype: float64"
2017-10-23 23:59:00+00:00,"coin
btc    0.555685
eth    0.162698
xrp    0.096136
bch    0.072492
ltc    0.066808
etc    0.012754
neo    0.011630
zec    0.009188
xmr    0.009073
bcc    0.003536
Name: volume, dtype: float64"
2017-10-24 23:59:00+00:00,"coin
btc    0.638520
eth    0.130285
bch    0.075210
xrp    0.060960
ltc    0.049535
neo    0.012630
xmr    0.009651
etc    0.009199
zec    0.008655
iot    0.005355
Name: volume, dtype: float64"
2017-10-25 23:59:00+00:00,"coin
btc    0.638520
eth    0.130285
bch    0.075210
xrp    0.060960
ltc    0.049535
neo    0.012630
xmr    0.009651
etc    0.009199
zec    0.008655
iot    0.005355
Name: volume, dtype: float64"
2017-10-26 23:59:00+00:00,"coin
btc    0.638520
eth    0.130285
bch    0.075210
xrp    0.060960
ltc    0.049535
neo    0.012630
xmr    0.009651
etc    0.009199
zec    0.008655
iot    0.005355
Name: volume, dtype: float64"
2017-10-27 23:59:00+00:00,"coin
btc    0.638520
eth    0.130285
bch    0.075210
xrp    0.060960
ltc    0.049535
neo    0.012630
xmr    0.009651
etc    0.009199
zec    0.008655
iot    0.005355
Name: volume, dtype: float64"
2017-10-28 23:59:00+00:00,"coin
btc    0.638520
eth    0.130285
bch    0.075210
xrp    0.060960
ltc    0.049535
neo    0.012630
xmr    0.009651
etc    0.009199
zec    0.008655
iot    0.005355
Name: volume, dtype: float64"
2017-10-29 23:59:00+00:00,"coin
btc    0.638520
eth    0.130285
bch    0.075210
xrp    0.060960
ltc    0.049535
neo    0.012630
xmr    0.009651
etc    0.009199
zec    0.008655
iot    0.005355
Name: volume, dtype: float64"
2017-10-30 23:59:00+00:00,"coin
btc    0.638520
eth    0.130285
bch    0.075210
xrp    0.060960
ltc    0.049535
neo    0.012630
xmr    0.009651
etc    0.009199
zec    0.008655
iot    0.005355
Name: volume, dtype: float64"
2017-10-31 23:59:00+00:00,"coin
btc    0.592940
bch    0.205949
eth    0.101379
ltc    0.031450
zec    0.017607
xrp    0.017254
xmr    0.010026
neo    0.010007
etc    0.008684
bcc    0.004705
Name: volume, dtype: float64"
2017-11-01 23:59:00+00:00,"coin
btc    0.592940
bch    0.205949
eth    0.101379
ltc    0.031450
zec    0.017607
xrp    0.017254
xmr    0.010026
neo    0.010007
etc    0.008684
bcc    0.004705
Name: volume, dtype: float64"
2017-11-02 23:59:00+00:00,"coin
btc    0.592940
bch    0.205949
eth    0.101379
ltc    0.031450
zec    0.017607
xrp    0.017254
xmr    0.010026
neo    0.010007
etc    0.008684
bcc    0.004705
Name: volume, dtype: float64"
2017-11-03 23:59:00+00:00,"coin
btc    0.592940
bch    0.205949
eth    0.101379
ltc    0.031450
zec    0.017607
xrp    0.017254
xmr    0.010026
neo    0.010007
etc    0.008684
bcc    0.004705
Name: volume, dtype: float64"
2017-11-04 23:59:00+00:00,"coin
btc    0.592940
bch    0.205949
eth    0.101379
ltc    0.031450
zec    0.017607
xrp    0.017254
xmr    0.010026
neo    0.010007
etc    0.008684
bcc    0.004705
Name: volume, dtype: float64"
2017-11-05 23:59:00+00:00,"coin
btc    0.592940
bch    0.205949
eth    0.101379
ltc    0.031450
zec    0.017607
xrp    0.017254
xmr    0.010026
neo    0.010007
etc    0.008684
bcc    0.004705
Name: volume, dtype: float64"
2017-11-06 23:59:00+00:00,"coin
btc    0.592940
bch    0.205949
eth    0.101379
ltc    0.031450
zec    0.017607
xrp    0.017254
xmr    0.010026
neo    0.010007
etc    0.008684
bcc    0.004705
Name: volume, dtype: float64"
2017-11-07 23:59:00+00:00,"coin
btc    0.570485
bch    0.204686
eth    0.106173
etc    0.035485
xrp    0.024410
ltc    0.023728
xmr    0.009605
neo    0.008696
zec    0.008577
eos    0.008154
Name: volume, dtype: float64"
2017-11-08 23:59:00+00:00,"coin
btc    0.570485
bch    0.204686
eth    0.106173
etc    0.035485
xrp    0.024410
ltc    0.023728
xmr    0.009605
neo    0.008696
zec    0.008577
eos    0.008154
Name: volume, dtype: float64"
2017-11-09 23:59:00+00:00,"coin
btc    0.570485
bch    0.204686
eth    0.106173
etc    0.035485
xrp    0.024410
ltc    0.023728
xmr    0.009605
neo    0.008696
zec    0.008577
eos    0.008154
Name: volume, dtype: float64"
2017-11-10 23:59:00+00:00,"coin
btc    0.570485
bch    0.204686
eth    0.106173
etc    0.035485
xrp    0.024410
ltc    0.023728
xmr    0.009605
neo    0.008696
zec    0.008577
eos    0.008154
Name: volume, dtype: float64"
2017-11-11 23:59:00+00:00,"coin
btc    0.570485
bch    0.204686
eth    0.106173
etc    0.035485
xrp    0.024410
ltc    0.023728
xmr    0.009605
neo    0.008696
zec    0.008577
eos    0.008154
Name: volume, dtype: float64"
2017-11-12 23:59:00+00:00,"coin
btc    0.570485
bch    0.204686
eth    0.106173
etc    0.035485
xrp    0.024410
ltc    0.023728
xmr    0.009605
neo    0.008696
zec    0.008577
eos    0.008154
Name: volume, dtype: float64"
2017-11-13 23:59:00+00:00,"coin
btc    0.570485
bch    0.204686
eth    0.106173
etc    0.035485
xrp    0.024410
ltc    0.023728
xmr    0.009605
neo    0.008696
zec    0.008577
eos    0.008154
Name: volume, dtype: float64"
2017-11-14 23:59:00+00:00,"coin
btc    0.466471
bch    0.333295
eth    0.092399
etc    0.039092
ltc    0.027558
xrp    0.014408
xmr    0.008617
zec    0.007309
neo    0.005521
btg    0.005329
Name: volume, dtype: float64"
2017-11-15 23:59:00+00:00,"coin
btc    0.466471
bch    0.333295
eth    0.092399
etc    0.039092
ltc    0.027558
xrp    0.014408
xmr    0.008617
zec    0.007309
neo    0.005521
btg    0.005329
Name: volume, dtype: float64"
2017-11-16 23:59:00+00:00,"coin
btc    0.466471
bch    0.333295
eth    0.092399
etc    0.039092
ltc    0.027558
xrp    0.014408
xmr    0.008617
zec    0.007309
neo    0.005521
btg    0.005329
Name: volume, dtype: float64"
2017-11-17 23:59:00+00:00,"coin
btc    0.466471
bch    0.333295
eth    0.092399
etc    0.039092
ltc    0.027558
xrp    0.014408
xmr    0.008617
zec    0.007309
neo    0.005521
btg    0.005329
Name: volume, dtype: float64"
2017-11-18 23:59:00+00:00,"coin
btc    0.466471
bch    0.333295
eth    0.092399
etc    0.039092
ltc    0.027558
xrp    0.014408
xmr    0.008617
zec    0.007309
neo    0.005521
btg    0.005329
Name: volume, dtype: float64"
2017-11-19 23:59:00+00:00,"coin
btc    0.466471
bch    0.333295
eth    0.092399
etc    0.039092
ltc    0.027558
xrp    0.014408
xmr    0.008617
zec    0.007309
neo    0.005521
btg    0.005329
Name: volume, dtype: float64"
2017-11-20 23:59:00+00:00,"coin
btc    0.466471
bch    0.333295
eth    0.092399
etc    0.039092
ltc    0.027558
xrp    0.014408
xmr    0.008617
zec    0.007309
neo    0.005521
btg    0.005329
Name: volume, dtype: float64"
2017-11-21 23:59:00+00:00,"coin
btc    0.512220
bch    0.230842
eth    0.104320
xrp    0.041357
ltc    0.032736
neo    0.026100
etc    0.019784
iot    0.012089
zec    0.010454
btg    0.010098
Name: volume, dtype: float64"
2017-11-22 23:59:00+00:00,"coin
btc    0.512220
bch    0.230842
eth    0.104320
xrp    0.041357
ltc    0.032736
neo    0.026100
etc    0.019784
iot    0.012089
zec    0.010454
btg    0.010098
Name: volume, dtype: float64"
2017-11-23 23:59:00+00:00,"coin
btc    0.512220
bch    0.230842
eth    0.104320
xrp    0.041357
ltc    0.032736
neo    0.026100
etc    0.019784
iot    0.012089
zec    0.010454
btg    0.010098
Name: volume, dtype: float64"
2017-11-24 23:59:00+00:00,"coin
btc    0.512220
bch    0.230842
eth    0.104320
xrp    0.041357
ltc    0.032736
neo    0.026100
etc    0.019784
iot    0.012089
zec    0.010454
btg    0.010098
Name: volume, dtype: float64"
2017-11-25 23:59:00+00:00,"coin
btc    0.512220
bch    0.230842
eth    0.104320
xrp    0.041357
ltc    0.032736
neo    0.026100
etc    0.019784
iot    0.012089
zec    0.010454
btg    0.010098
Name: volume, dtype: float64"
2017-11-26 23:59:00+00:00,"coin
btc    0.512220
bch    0.230842
eth    0.104320
xrp    0.041357
ltc    0.032736
neo    0.026100
etc    0.019784
iot    0.012089
zec    0.010454
btg    0.010098
Name: volume, dtype: float64"
2017-11-27 23:59:00+00:00,"coin
btc    0.512220
bch    0.230842
eth    0.104320
xrp    0.041357
ltc    0.032736
neo    0.026100
etc    0.019784
iot    0.012089
zec    0.010454
btg    0.010098
Name: volume, dtype: float64"
2017-11-28 23:59:00+00:00,"coin
btc    0.497716
bch    0.200385
eth    0.144299
etc    0.050273
ltc    0.031711
xrp    0.021396
btg    0.019443
iot    0.012782
zec    0.011482
xmr    0.010512
Name: volume, dtype: float64"
2017-11-29 23:59:00+00:00,"coin
btc    0.497716
bch    0.200385
eth    0.144299
etc    0.050273
ltc    0.031711
xrp    0.021396
btg    0.019443
iot    0.012782
zec    0.011482
xmr    0.010512
Name: volume, dtype: float64"
2017-11-30 23:59:00+00:00,"coin
btc    0.497716
bch    0.200385
eth    0.144299
etc    0.050273
ltc    0.031711
xrp    0.021396
btg    0.019443
iot    0.012782
zec    0.011482
xmr    0.010512
Name: volume, dtype: float64"
